Variant_ID	Provenance	Round	Motif_Sequence
76G1-A1-SYN-704	SYN	LD-BT 3	PLPFQGHLNPMLQLADILYNQG
76G1-A1-SYN-732	SYN	LD-BT 3	PVPYQGHINPMLQLANILHNQG
76G1-A1-SYN-940	SYN	LD-BT 3	PVPFQGHINPMLQLGNVLYSKG
76G1-A1-SYN-241	SYN	LD-BT 3	PVPYQGHINPMIQLANVLHNQG
76G1-A1-SYN-512	SYN	LD-BT 3	PCPFQGHINPMLQLGDLLHSKG
76G1-A1-SYN-840	SYN	LD-BT 3	PVPFQGHINPMIQLANILHHKG
76G1-A1-SYN-928	SYN	LD-BT 3	PVPFQGHINPILQLANLLYSKG
76G1-A1-NC-08	NC	LD-BT 1	PVPFQGHISPMLQLAELLHARG
76G1-A1-FR-0316	FR	LD-BT 2	PCPFQGHLNPMLQLGAILHSQG
76G1-A1-NC-17	NC	LD-BT 2	PLPFQGHLSPMLQLADVLHSRG
76G1-A1-PF-0452	PF	LD-BT 1	PCPYQGHINPMLQLATILHSRG
76G1-A1-PF-0803	PF	LD-BT 1	PVPFQGHINPMLQLANVLYSKG
76G1-A1-SYN-678	SYN	LD-BT 3	PLPFQGHINPMLQLANILHNRG
76G1-A1-PF-0131	PF	LD-BT 0	PLPFQGHINPMLQLASILHTKG
76G1-A1-SYN-664	SYN	LD-BT 3	PCPFQGHINPMLQLGAILYNRG
76G1-A1-FR-0197	FR	Additions After Filter Relaxation	PLPFQGHINPMLQLANILHTQG
76G1-A1-FR-0193	FR	Additions After Filter Relaxation	PLPFQGHINPMLQLANILHNQG
76G1-A1-SYN-047	SYN	LD-BT 3	PLPFQGHINPMIQLGNILHNKG
76G1-A1-PF-0753	PF	LD-BT 0	PLPFQGHINPMIQLANILHSKG
76G1-A1-SYN-442	SYN	LD-BT 3	PCPFQGHINPMLQLAAILHSQG
76G1-A1-PF-0887	PF	LD-BT 0	PCPFQGHINPMLQLGAILHSRG
76G1-A1-SYN-646	SYN	LD-BT 3	PCPYQGHLSPMLQLADVLYSRG
76G1-A1-SYN-365	SYN	LD-BT 3	PVPAQGHITPMLQLADLLHSKG
WT (SrUGT76G1)	WT	Wild type	PVPFQGHINPILQLANVLYSKG
76G1-A1-NC-06	NC	LD-BT 1	PVPAQGHLTPMLQLATILHSKG
76G1-A1-SYN-501	SYN	LD-BT 3	PCPYQGHINPMLQLATVLHTRG
76G1-A1-SYN-425	SYN	LD-BT 3	PLPFQGHLNPMLQLADILYSQG
76G1-A1-SYN-621	SYN	LD-BT 3	PLPFQGHINPMIQLGNILHSKG
76G1-A1-SYN-880	SYN	LD-BT 3	PCPFQGHINPMIQLGSILYTKG
76G1-A1-PF-0346	PF	LD-BT 0	PLPFQGHINPMIQLANILHHKG
76G1-A1-SYN-099	SYN	LD-BT 3	PLPFQGHINPMLQLGDILHNKG
76G1-A1-NC-04	NC	LD-BT 1	PVPFQGHMTPMLQLANILHSKG
76G1-A1-SYN-483	SYN	LD-BT 3	PCPYQGHLNPMLQLGEILHSKG
76G1-A1-SYN-916	SYN	LD-BT 3	PLPFQGHLNPMLQLGALLHSRG
76G1-A1-SYN-826	SYN	LD-BT 3	PCPYQGHLSPMLQLGTILYSRG
76G1-A1-SYN-226	SYN	LD-BT 3	PCPFQGHINPMLQLATILYSKG
76G1-A1-SYN-352	SYN	LD-BT 3	PCPYQGHISPMLQLATILHSRG
76G1-A1-PF-0279	PF	LD-BT 2	PAPFQGHVTPMIHLANLLYYKG
76G1-A1-SYN-289	SYN	LD-BT 3	PLPFQGHLNPMIQLANILHHKG
76G1-A1-SYN-859	SYN	LD-BT 3	PCPFQGHINPMMQLADVLHSRG
76G1-A1-SYN-914	SYN	LD-BT 3	PLPYQGHISPMLQLASILHTKG
76G1-A1-SYN-136	SYN	LD-BT 3	PVPFQGHLSPMLQLAELLYARG
76G1-A1-SYN-741	SYN	LD-BT 3	PLPYQGHLNPMIQLANVLHSRG
76G1-A1-SYN-333	SYN	LD-BT 3	PCPFQGHLNPMIQLGAILYNRG
76G1-A1-SYN-665	SYN	LD-BT 3	PCPFQGHINPMIQLGDVLHARG
76G1-A1-NC-14	NC	LD-BT 1	PAPAQGHISPMMQLAQLLHHKG
76G1-A1-SYN-649	SYN	LD-BT 3	PLPFQGHINPMIQLGSILHSKG
76G1-A1-SYN-335	SYN	LD-BT 3	PLPFQGHLSPMLQLADILHSRG
76G1-A1-SYN-939	SYN	LD-BT 3	PCPFQGHISPMLQLANILHSKG
76G1-A1-PF-0140	PF	LD-BT 1	PLPFQGHISPMLHLAELLHARG
76G1-A1-SYN-300	SYN	LD-BT 3	PCPYQGHLSPMLQLGTLLHSRG
76G1-A1-PF-0764	PF	LD-BT 1	PLPFQGHHTPMLQLAEILHSKG
76G1-A1-NC-07	NC	LD-BT 1	PLPFQGHHTPMLQLAPILHSKG
76G1-A1-FR-0194	FR	Additions After Filter Relaxation	PLPFQGHINPILQLANILHTQG
76G1-A1-SYN-651	SYN	LD-BT 3	PCPYQGHINPMIQLGNILHSRG
76G1-A1-SYN-263	SYN	LD-BT 3	PLPFQGHISPMLHLAEVLHARG
76G1-A1-SYN-934	SYN	LD-BT 3	PCPYQGHISPMLQLGNILYNKG
76G1-A1-PF-0147	PF	LD-BT 2	PLPFQGHINPMMQLADVLHSRG
76G1-A1-PF-0059	PF	LD-BT 1	PVPAQGHITPMIQLAKALHSKG
76G1-A1-PF-0638	PF	LD-BT 1	PLPFQGHLSPMLQLADLLRARG
76G1-A1-SYN-598	SYN	LD-BT 3	PVPYQGHMTPMLQLANILHSKG
76G1-A1-SYN-706	SYN	LD-BT 3	PLPFQGHLNPMIQLADILHTRG
76G1-A1-SYN-577	SYN	LD-BT 3	PAPFQGHVTPMIHLADLLYYKG
76G1-A1-PF-0492	PF	LD-BT 1	PLPLQGHINPMLQLANILYDKG
76G1-A1-SYN-349	SYN	LD-BT 3	PLPFQGHLNPMLQLADLLRARG
76G1-A1-SYN-689	SYN	LD-BT 3	PLPYQGHISPMLQLANILHTQG
76G1-A1-PF-0379	PF	LD-BT 1	PSPFQGHITPLLQLADILYSKG
76G1-A1-SYN-210	SYN	LD-BT 3	PCPLQGHINPMIQLANILHHKG
76G1-A1-SYN-757	SYN	LD-BT 3	PLPYQGHIDPMLHLAGVLHTQG
76G1-A1-SYN-166	SYN	LD-BT 3	PLPFAGHINPMIKLAGLFHHRG
76G1-A1-SYN-801	SYN	LD-BT 3	PLPFQGHLDPMIHLGGVLYTRG
76G1-A1-SYN-145	SYN	LD-BT 3	PCPAQGHLTPMIQLATLLHSRG
76G1-A1-SYN-134	SYN	LD-BT 3	PCPLPSHMSPMLHLGKILHSQG
76G1-A1-SYN-175	SYN	LD-BT 3	PAPYEGHIPSMMNLGTFLSTQG
76G1-A1-PF-0582	PF	LD-BT 2	PSPFQGHITPMLQLASMLHAKG
76G1-A1-SYN-538	SYN	LD-BT 3	PCPYQGHISPIIQLGTILHSRG
76G1-A1-FR-0180	FR	LD-BT 2	PCPLPSHMSPMLHLGKLLHSQG
76G1-A1-PF-0909	PF	LD-BT 2	PCPFQGHMKPMLHLANLLHSKG
76G1-A1-PF-0020	PF	LD-BT 0	PPPFQGHINPSIQLTLKLASKG
76G1-A1-PF-0057	PF	LD-BT 0	PLPFPGHFNPMIELAGIFHHRG
76G1-A1-PF-0168	PF	LD-BT 0	PLPFPGHFNPLVQLARIFHHRG
76G1-A1-PF-0187	PF	LD-BT 0	PYPFQGHINPMIQLSKRLSKKG
76G1-A1-PF-0367	PF	LD-BT 0	PFPFQGHVNPMTTLSQKLVEHG
76G1-A1-PF-0434	PF	LD-BT 0	PTPFQGHINPMLKLAKILHSRG
76G1-A1-PF-0510	PF	LD-BT 0	PAPFQGHINALFKLGKLLHLRG
76G1-A1-FR-0223	FR	Additions After Filter Relaxation	PLPFQGHMNSMLQLAQILHSQG
76G1-A1-PF-0763	PF	LD-BT 0	PFPFLGHFNPVLRLAGALHARG
76G1-A1-PF-0948	PF	LD-BT 0	PFPFQGHFNPVMRLARALHARG
76G1-A1-PF-0052	PF	LD-BT 1	PVPAQRHVTPMMQLGTALNMKG
76G1-A1-PF-0061	PF	LD-BT 1	PVPAQGHVTPMMQLGKALHSKG
76G1-A1-PF-0062	PF	LD-BT 1	PVPAQGHVTPIMQLGKALYSKG
76G1-A1-PF-0064	PF	LD-BT 1	PYPAQGHINPMMKVAKLLYAKG
76G1-A1-PF-0070	PF	LD-BT 1	PLPLQGCINPMLQLANILHVRG
76G1-A1-PF-0071	PF	LD-BT 1	PLPLQGCINPMIQLAKILHSRG
76G1-A1-PF-0079	PF	LD-BT 1	PLPLQGHINPMLQLANILYSKG
76G1-A1-PF-0091	PF	LD-BT 1	PPPLQGHMTPMLQLATILYSKG
76G1-A1-PF-0105	PF	LD-BT 1	PPPLQGHMTPMLQLATILHSKG
76G1-A1-PF-0128	PF	LD-BT 1	PIPAQSHVKAMLKLAQLLHHKG
76G1-A1-PF-0130	PF	LD-BT 1	PVPAQGHINPMLKLAKILHSKG
76G1-A1-PF-0152	PF	LD-BT 1	PFPIQGHLPVMLQLGSVLQSKG
76G1-A1-PF-0164	PF	LD-BT 1	PVPAQGHVTPFMQLGKALSLKG
76G1-A1-PF-0167	PF	LD-BT 1	PVPAQGHISPMMQLAKTLHLKG
76G1-A1-PF-0169	PF	LD-BT 1	PVPAQGHVTPMMQLGRALNLKG
76G1-A1-PF-0177	PF	LD-BT 1	PLPIQGCINPMFQMAKILHSKG
76G1-A1-PF-0178	PF	LD-BT 1	PLPLQGCINPMLQLANILHSRG
76G1-A1-PF-0180	PF	LD-BT 1	PLPLQGCINPMLQLAKILFSRG
76G1-A1-PF-0184	PF	LD-BT 1	PLPLQGCINPMLQLAMILHSRG
76G1-A1-PF-0198	PF	LD-BT 1	PLTLHGHLTPILQLGKALSLKG
76G1-A1-PF-0200	PF	LD-BT 1	PVPAQGHVTPFMQLGKVLSLKG
76G1-A1-PF-0201	PF	LD-BT 1	PVPAQGHVTPIMQLGKALHSKG
76G1-A1-PF-0208	PF	LD-BT 1	PIPAQGHISPMMQLAKALHLKG
76G1-A1-PF-0216	PF	LD-BT 1	PIFGFSHVKFISKMADIIADHG
76G1-A1-PF-0222	PF	LD-BT 1	PYPSQGHVTPLMLLAQLLYSRG
76G1-A1-PF-0255	PF	LD-BT 1	PFLAFGHISPFVQLSNKLFSHG
76G1-A1-PF-0288	PF	LD-BT 1	PLPLQGHINPMIQLANILHSKG
76G1-A1-PF-0339	PF	LD-BT 1	PLPLQGHVTPMLQLAEIFYSKG
76G1-A1-PF-0352	PF	LD-BT 1	PLPCQSHLNQLLQLSELISDHG
76G1-A1-PF-0360	PF	LD-BT 1	PLMSQSHLIPFTEMAKVISSHG
76G1-A1-PF-0432	PF	LD-BT 1	PLPSQSHVKAMLKLAQLLHHKG
76G1-A1-PF-0436	PF	LD-BT 1	PLPAQSHVKAMLKLAQLLHHKG
76G1-A1-PF-0462	PF	LD-BT 1	PLPAQGHVNPFMQLAKLLHSKG
76G1-A1-PF-0468	PF	LD-BT 1	PTPLQGHINPMIQLAHIFYSKG
76G1-A1-PF-0471	PF	LD-BT 1	PFPQQGHISPMLHLANILHSKG
76G1-A1-PF-0473	PF	LD-BT 1	PYPLQGHISPMLNLANLLHSKG
76G1-A1-PF-0507	PF	LD-BT 1	PPPLQGHITPMLQLATILHSKG
76G1-A1-PF-0522	PF	LD-BT 1	PYPAQGHVTPMMMLAKLLHSHG
76G1-A1-PF-0581	PF	LD-BT 1	PFMAQGHIIPFLALAFGLEQKG
76G1-A1-PF-0616	PF	LD-BT 1	PVPLQGHINPVIQLANVFHSKG
76G1-A1-PF-0661	PF	LD-BT 1	PAPLQGHISPMLQLGDVLHSKG
76G1-A1-PF-0670	PF	LD-BT 1	PMPLQGHINPMLQLANILHSKG
76G1-A1-PF-0701	PF	LD-BT 1	PFPAQGPINAMMQLAQILYARG
76G1-A1-PF-0738	PF	LD-BT 1	PLPLQGHINPLFQLADIFYSKG
76G1-A1-PF-0802	PF	LD-BT 1	PVPVQGHINPILQLANVLYSKG
76G1-A1-PF-0807	PF	LD-BT 1	PWLIGRFGKRGAVVKVLLVTHG
76G1-A1-PF-0816	PF	LD-BT 1	PIPVQGHITPMIQLGQGLNTKG
76G1-A1-PF-0826	PF	LD-BT 1	PLPFQGHLSPALQLADALYGRG
76G1-A1-PF-0842	PF	LD-BT 1	PFLAFGHINPFVQLSNKLFSHG
76G1-A1-PF-0865	PF	LD-BT 1	PPPFQGHLTPMLQLATILHSKG
76G1-A1-PF-0910	PF	LD-BT 1	PLPLKGHLNPMLELANILHSKG
76G1-A1-PF-0934	PF	LD-BT 1	PEFLHQPARRRPLLIATLGTHG
76G1-A1-PF-0946	PF	LD-BT 1	PFPFWSHINQMLQLGKLLRARG
76G1-A1-NC-01	NC	LD-BT 1	PIPAQGHVNPFMQLAKLLHSKG
76G1-A1-NC-02	NC	LD-BT 1	PAPLQGHISPMLQLATILYSKG
76G1-A1-NC-03	NC	LD-BT 1	PLPLQGHINPVIQLANILHAKG
76G1-A1-NC-05	NC	LD-BT 1	PFPIQGHITPMLQLATVLHSKG
76G1-A1-NC-10	NC	LD-BT 1	PIPAQGHINPMLKLAKLLHSKG
76G1-A1-NC-11	NC	LD-BT 1	PLPLQGCINPMLQLAKTLHLKG
76G1-A1-NC-13	NC	LD-BT 1	PLPLQGCINPMLQLANILHSKG
76G1-A1-NC-15	NC	LD-BT 1	PLPLQGCINLMIQLAKILHSRG
76G1-A1-SYN-362	SYN	LD-BT 3	PCPYTGHFNPMIELAGIFHSKG
76G1-A1-SYN-416	SYN	LD-BT 3	PCPFQGHLSPALQLADALHGRG
76G1-A1-SYN-436	SYN	LD-BT 3	PCPFQGHMTPMIQLGALLYSRG
76G1-A1-SYN-439	SYN	LD-BT 3	PVPLQGHLNPMLQLATLLHAKG
76G1-A1-SYN-481	SYN	LD-BT 3	PAPYQGHVTPMLHLGAILHYQG
76G1-A1-SYN-493	SYN	LD-BT 3	PCPFAGHINPMIKLAGIFHHQG
76G1-A1-SYN-596	SYN	LD-BT 3	PLPFQGHLSPMLQLADLLRAKG
76G1-A1-SYN-615	SYN	LD-BT 3	PSPYQGHLSPMMQLGKALHLKG
76G1-A1-SYN-852	SYN	LD-BT 3	PCPYPGHFNPMLQLAGVFHHKG
76G1-A1-SYN-931	SYN	LD-BT 3	PCGSAGDVHPYVGLGLALRGQG
76G1-A1-SYN-046	SYN	LD-BT 3	PLPYQGHLSPMIQLADILHARG
76G1-A1-SYN-395	SYN	LD-BT 3	PLPFQGHISPIIQLANILHSRG
76G1-A1-SYN-233	SYN	LD-BT 3	PCPYQGHLNPIIQLADILHSRG
76G1-A1-SYN-518	SYN	LD-BT 3	PLPLQGHISPMLQLATILHSRG
76G1-A1-PF-0056	PF	LD-BT 0	PLPFTGHFNPMIELAGIFHNRG
76G1-A1-PF-0166	PF	LD-BT 0	PVPFPGHFNPMIQLAGIFHHRG
76G1-A1-PF-0815	PF	LD-BT 0	PLPFAGHINPMIKLAGIFHHRG
76G1-A1-PF-0194	PF	LD-BT 1	PAPFEGHLPSMMNLASFLSSKG
76G1-A1-PF-0340	PF	LD-BT 1	PLPLQGHISPMLQLATILYSKG
76G1-A1-PF-0347	PF	LD-BT 1	PLPLQGHINPMIQLANILHHKG
76G1-A1-PF-0825	PF	LD-BT 1	PLPFQGHLSPALQLADALHGRG
76G1-A1-PF-0832	PF	LD-BT 1	PVGSAGDVHPYVGLALALRGRG
76G1-A1-NC-09	NC	LD-BT 1	PLPLQGHINPMLQLATILHSKG
76G1-A1-NC-12	NC	LD-BT 1	PSPFQGHISPMMQLAKALHLKG
76G1-A1-NC-16	NC	LD-BT 1	PLPFQGHIDPMLHLAGVLHTRG
